{"steder":
  [
    {
      "name": "Norsk Bergverksmuseum",
      "url": "https://norskbergverksmuseum.no",
      "info": "På Norsk Bergverksmuseum kan du få et innblikk i norsk gruvedrift gjennom 335 år. Utstillingene tar deg tilbake til en tid da Christian den fjerde var konge av Danmark og Norge, og Kongsberg var Norges nest største by."
    },
    {
      "name": "Kronene i Håvet",
      "url": "https://www.kongsberg.no/attraksjoner/kronene-i-havet/",
      "info": "I juni 1704 Kong Frederik IV Kongsberg, og startet en skikk som er levende den dag i dag; å hugge inn de kongelige monogrammer i «Håvet»."
    },
    {
      "name": "Funkelia",
      "url": "https://www.funkelia.no",
      "info": "Kongsberg er først og fremst et vintersportsmekka, men også en moderne by med rike tradisjoner. Fra Funkelia kan du skli inn og ut av skisenteret. Takket være et av landets mest moderne snøkanonsystemer holdes bakkene åpent fra desember til langt ut på våren."
    },
    {
      "name": "Korset",
      "url": "https://ut.no/turforslag/1113650/bergmannstien-om-korset",
      "info": "Starter NØ for Fredheim der turstiene starter. Ta stien forholdsvis bratt oppover i nordlig retning. Når du har passert Kongens gruve, tar du til høyre inn på en kjerrevei."
    },
    {
      "name": "Haus Sachsen gruve",
      "url": "https://norskbergverksmuseum.no/haus-sachsen",
      "info": "Overstigerboligen huset i tidligere tider sjefen ved Haus Sachsen gruve. Bygningen utstråler den posisjonen som overstigeren hadde i kraft av sin høyere stilling ved Sølvverket. Bygningen er innvendig modernisert for å kunne hus arrangementer."
    },
    {
      "name": "Sakkerhusene i Saggrenda",
      "url": "https://lokalhistoriewiki.no/wiki/Sakkerhusene,_Kongsberg_sølvverk",
      "info": "Sakkerhusene ligger i Saggrenda, sju km fra Kongsberg sentrum, like ved hovedinngangen til gruveområdet. Norsk Bergverksmuseum driver i dag turisttrafikk i noen av gruvene og bruker også Sakkerhusene."
    }
  ],
  "bilder":
  [
    "download.png",
    "kongsberg.jpg",
    "kongsberg-oversikt-flyfoto-host-var-mediafoto.jpg",
    "Kongsberg_Vestsida.jpg"
  ]
}